{"errors":[],"warnings":[],"namedChunkGroups":{"app":{"chunks":[5,0,2],"assets":["webpack-runtime-56ff5b2e3b44d6fbd907.js","webpack-runtime-56ff5b2e3b44d6fbd907.js.map","commons-a64152600a03b9e8668a.js","commons-a64152600a03b9e8668a.js.map","app-42fcdb42490f7da76dd1.js","app-42fcdb42490f7da76dd1.js.map"],"children":{},"childAssets":{}},"component---src-pages-404-js":{"chunks":[1,0,3],"assets":["styles.cf65f38ecb323ce66755.css","styles-211b87a1a6e7da986e80.js","styles-211b87a1a6e7da986e80.js.map","commons-a64152600a03b9e8668a.js","commons-a64152600a03b9e8668a.js.map","component---src-pages-404-js-0e8267ba9098bcdd99e2.js","component---src-pages-404-js-0e8267ba9098bcdd99e2.js.map"],"children":{},"childAssets":{}},"component---src-pages-index-js":{"chunks":[1,0,4],"assets":["styles.cf65f38ecb323ce66755.css","styles-211b87a1a6e7da986e80.js","styles-211b87a1a6e7da986e80.js.map","commons-a64152600a03b9e8668a.js","commons-a64152600a03b9e8668a.js.map","component---src-pages-index-js-87ddca5f60c4f8e41ce4.js","component---src-pages-index-js-87ddca5f60c4f8e41ce4.js.map"],"children":{},"childAssets":{}}},"assetsByChunkName":{"app":["webpack-runtime-56ff5b2e3b44d6fbd907.js","commons-a64152600a03b9e8668a.js","app-42fcdb42490f7da76dd1.js"],"component---src-pages-404-js":["styles.cf65f38ecb323ce66755.css","styles-211b87a1a6e7da986e80.js","commons-a64152600a03b9e8668a.js","component---src-pages-404-js-0e8267ba9098bcdd99e2.js"],"component---src-pages-index-js":["styles.cf65f38ecb323ce66755.css","styles-211b87a1a6e7da986e80.js","commons-a64152600a03b9e8668a.js","component---src-pages-index-js-87ddca5f60c4f8e41ce4.js"]}}